ID,Name,Score
1,Olivia Carter,87
2,Liam Johnson,45
3,Emma Davis,92
4,Noah Smith,76
5,Ava Wilson,53
6,William Brown,64
7,Sophia Taylor,81
8,James Anderson,39
9,Isabella Thomas,97
10,Benjamin Moore,58
11,Mia Martin,72
12,Lucas Jackson,84
13,Charlotte White,66
14,Henry Harris,90
15,Amelia Clark,55
16,Alexander Lewis,78
17,Evelyn Young,43
18,Michael Hall,88
19,Harper Allen,61
20,Daniel King,95
21,Abigail Wright,47
22,Matthew Scott,82
23,Emily Green,69
24,Joseph Baker,74
25,Elizabeth Adams,59
26,David Nelson,91
27,Sofia Hill,63
28,Jackson Rivera,85
29,Scarlett Campbell,50
30,Samuel Mitchell,79
31,Victoria Perez,68
32,Logan Roberts,93
33,Grace Turner,54
34,Ethan Phillips,80
35,Chloe Parker,71
36,Jacob Evans,65
37,Lily Edwards,89
38,Michael Collins,57
39,Aria Stewart,83
40,Christopher Sanchez,60
41,Zoe Morris,77
42,Andrew Rogers,48
43,Nora Reed,86
44,Joshua Cook,56
45,Hazel Morgan,94
46,Ryan Bell,62
47,Penelope Murphy,75
48,John Bailey,52
49,Ellie Cooper,70
50,Caleb Richardson,67
